<?xml version="1.0" encoding="UTF-8"?>
<model xmlns="http://www.alfresco.org/model/dictionary/1.0" name="hc:healthCareModel">
    <description>Health Care Model</description>
    <author>Alfresco London Team</author>
    <imports>
        <import uri="http://www.alfresco.org/model/content/1.0" prefix="cm"/>
        <import uri="http://www.alfresco.org/model/dictionary/1.0" prefix="d"/>
    </imports>
    <namespaces>
        <namespace uri="http://www.alfresco.org/healthcare/model/content/1.0" prefix="hc"/>
    </namespaces>
    <data-types/>
    <constraints/>
    <types>
        <type name="hc:patientFolder">
            <title>patientFolder</title>
            <description>patientFolder</description>
            <parent>cm:folder</parent>
            <properties>
                <property name="hc:address">
                    <title>address</title>
                    <description>address</description>
                    <type>d:text</type>
                    <mandatory>false</mandatory>
                    <index enabled="true">
                        <tokenised>TRUE</tokenised>
                        <facetable>false</facetable>
                    </index>
                </property>
                <property name="hc:lastName">
                    <title>lastName</title>
                    <description>lastName</description>
                    <type>d:text</type>
                    <mandatory>false</mandatory>
                    <index enabled="true">
                        <tokenised>TRUE</tokenised>
                        <facetable>false</facetable>
                    </index>
                </property>
                <property name="hc:cellPhone">
                    <title>cellPhone</title>
                    <description>cellPhone</description>
                    <type>d:text</type>
                    <mandatory>false</mandatory>
                    <index enabled="true">
                        <tokenised>TRUE</tokenised>
                        <facetable>false</facetable>
                    </index>
                </property>
                <property name="hc:email">
                    <title>email</title>
                    <description>email</description>
                    <type>d:text</type>
                    <mandatory>false</mandatory>
                    <index enabled="true">
                        <tokenised>TRUE</tokenised>
                        <facetable>false</facetable>
                    </index>
                </property>
                <property name="hc:telephone">
                    <title>telephone</title>
                    <description>telephone</description>
                    <type>d:text</type>
                    <mandatory>false</mandatory>
                    <index enabled="true">
                        <tokenised>TRUE</tokenised>
                        <facetable>false</facetable>
                    </index>
                </property>
                <property name="hc:dateOfBirth">
                    <title>dateOfBirth</title>
                    <description>dateOfBirth</description>
                    <type>d:date</type>
                    <mandatory>false</mandatory>
                    <index enabled="true">
                        <tokenised>TRUE</tokenised>
                    </index>
                </property>
                <property name="hc:doctor">
                    <title>doctor</title>
                    <description>doctor</description>
                    <type>d:text</type>
                    <mandatory>false</mandatory>
                    <index enabled="true">
                        <tokenised>TRUE</tokenised>
                        <facetable>false</facetable>
                    </index>
                </property>
                <property name="hc:firstName">
                    <title>firstName</title>
                    <description>firstName</description>
                    <type>d:text</type>
                    <mandatory>false</mandatory>
                    <index enabled="true">
                        <tokenised>TRUE</tokenised>
                        <facetable>false</facetable>
                    </index>
                </property>
                <property name="hc:nextOfKin">
                    <title>nextOfKin</title>
                    <description>nextOfKin</description>
                    <type>d:text</type>
                    <mandatory>false</mandatory>
                    <index enabled="true">
                        <tokenised>TRUE</tokenised>
                        <facetable>false</facetable>
                    </index>
                </property>
            </properties>
            <associations/>
            <overrides/>
            <mandatory-aspects/>
        </type>
    </types>
    <aspects/>
</model>