{"resourceId":19,"properties":{"process_id":"HealthCareExpressVisitationLog","name":"Health Care Express Visitation Log","documentation":"","process_author":"","process_version":"","process_namespace":"http://www.activiti.org/processdef","executionlisteners":"{\"executionListeners\":[]}","eventlisteners":"{\"eventListeners\":[]}","signaldefinitions":"[]","messagedefinitions":"[]","executionvariables":"[{\"variableName\":\"PVForVitoToPopulate\",\"variableType\":\"string\",\"$$hashKey\":\"uiGrid-0025\"},{\"variableName\":\"hideNodeId\",\"variableType\":\"string\",\"$$hashKey\":\"uiGrid-002D\",\"mapVariable\":false}]","metadata":""},"stencil":{"id":"BPMNDiagram"},"childShapes":[{"resourceId":"sid-5000A660-A5AF-40EE-BA4D-73C5A164697E","properties":{"overrideid":"sid-5000A660-A5AF-40EE-BA4D-73C5A164697E","name":"Determine next visit type","documentation":"","asynchronousdefinition":false,"exclusivedefinition":false,"executionlisteners":{"executionListeners":[]},"multiinstance_type":"None","multiinstance_cardinality":"","multiinstance_collection":"","multiinstance_variable":"","multiinstance_condition":"","isforcompensation":false,"usertasksendemail":true,"usertaskassignment":{"assignment":{"type":"idm","idm":{"assignee":{"id":2,"email":"visitor","firstName":"visitor","lastName":"visitor"},"type":"user"},"initiatorCanCompleteTask":false}},"formkeydefinition":"","formreference":{"id":15,"name":"Determine visit type","referenceId":19},"fieldstovariables":"","duedatedefinition":"","prioritydefinition":"","categorydefinition":"","formproperties":"","tasklisteners":{"taskListeners":[]},"emailtemplate":""},"stencil":{"id":"UserTask"},"childShapes":[],"outgoing":[{"resourceId":"sid-C0EDFCFC-852A-4E07-981D-5F3475F230FA"}],"bounds":{"lowerRight":{"x":789.7616921627704,"y":255.40263241994515},"upperLeft":{"x":689.7616921627704,"y":175.40263241994515}},"dockers":[]},{"resourceId":"sid-A288F4A9-913D-400E-A0EE-4534AA38CED4","properties":{"overrideid":"sid-A288F4A9-913D-400E-A0EE-4534AA38CED4","name":"Type of visit","documentation":"","asynchronousdefinition":false,"exclusivedefinition":true,"sequencefloworder":"","executionlisteners":{"executionListeners":[]}},"stencil":{"id":"ExclusiveGateway"},"childShapes":[],"outgoing":[{"resourceId":"sid-ACED2741-5226-42C4-B62E-9964B6B06186"},{"resourceId":"sid-2DAA8C62-1D49-41F7-B8AB-60E6C9794B53"},{"resourceId":"sid-BFDA6400-E71F-415C-AB9C-FC217344F511"}],"bounds":{"lowerRight":{"x":879.7616921627704,"y":235.40263241994515},"upperLeft":{"x":839.7616921627704,"y":195.40263241994515}},"dockers":[]},{"resourceId":"sid-6A756769-3B86-4E77-AE47-A3D41D83EC9F","properties":{"overrideid":"sid-6A756769-3B86-4E77-AE47-A3D41D83EC9F","name":"Follow up visit","documentation":"","asynchronousdefinition":false,"exclusivedefinition":false,"executionlisteners":{"executionListeners":[]},"multiinstance_type":"None","multiinstance_cardinality":"","multiinstance_collection":"","multiinstance_variable":"","multiinstance_condition":"","isforcompensation":false,"usertasksendemail":true,"usertaskassignment":{"assignment":{"type":"idm","idm":{"assignee":{"id":2,"email":"visitor","firstName":"visitor","lastName":"visitor"},"type":"user"},"initiatorCanCompleteTask":false}},"formkeydefinition":"","formreference":{"id":12,"name":"Schedule visit","referenceId":19},"fieldstovariables":"","duedatedefinition":"","prioritydefinition":"","categorydefinition":"","formproperties":"","tasklisteners":{"taskListeners":[]},"emailtemplate":{"emailTemplate":{"type":"custom","templateSubject":"Follow up visit","templateText":"This is a reminder to follow up on patient"}}},"stencil":{"id":"UserTask"},"childShapes":[],"outgoing":[{"resourceId":"sid-ED7B3DF6-0DE4-4372-91AF-9A49C3AF0A34"}],"bounds":{"lowerRight":{"x":1138.3950234615984,"y":105.40263241994515},"upperLeft":{"x":1038.3950234615984,"y":25.402632419945206}},"dockers":[]},{"resourceId":"sid-B078C373-AC87-4028-875B-4765E08106B0","properties":{"overrideid":"sid-B078C373-AC87-4028-875B-4765E08106B0","name":"Referral to GP/nurse/specialist","documentation":"","asynchronousdefinition":false,"exclusivedefinition":false,"executionlisteners":{"executionListeners":[]},"multiinstance_type":"None","multiinstance_cardinality":"","multiinstance_collection":"","multiinstance_variable":"","multiinstance_condition":"","isforcompensation":false,"usertasksendemail":true,"usertaskassignment":{"assignment":{"type":"idm","idm":{"assignee":{"id":2,"email":"visitor","firstName":"visitor","lastName":"visitor"},"type":"user"},"initiatorCanCompleteTask":false}},"formkeydefinition":"","formreference":{"id":16,"name":"Referral","referenceId":19},"fieldstovariables":"","duedatedefinition":"","prioritydefinition":"","categorydefinition":"","formproperties":"","tasklisteners":{"taskListeners":[]},"emailtemplate":{"emailTemplate":{"type":"custom","templateSubject":"Referral","templateText":"This is a reminder to follow up on a referral"}}},"stencil":{"id":"UserTask"},"childShapes":[],"outgoing":[{"resourceId":"sid-EEC08977-3695-49AE-9B3D-F413CF94DC76"}],"bounds":{"lowerRight":{"x":1176.7616921627703,"y":254.90263241994515},"upperLeft":{"x":1034.7616921627703,"y":175.90263241994515}},"dockers":[]},{"resourceId":"sid-C4A7A9D9-3DA4-414F-891B-8948AE477B17","properties":{"overrideid":"sid-C4A7A9D9-3DA4-414F-891B-8948AE477B17","name":"Emergency response","documentation":"","asynchronousdefinition":false,"exclusivedefinition":false,"executionlisteners":{"executionListeners":[]},"multiinstance_type":"None","multiinstance_cardinality":"","multiinstance_collection":"","multiinstance_variable":"","multiinstance_condition":"","isforcompensation":false,"usertasksendemail":true,"usertaskassignment":{"assignment":{"type":"idm","idm":{"assignee":{"id":2,"email":"visitor","firstName":"visitor","lastName":"visitor"},"type":"user"},"initiatorCanCompleteTask":false}},"formkeydefinition":"","formreference":{"id":18,"name":"Emergency response detail","referenceId":19},"fieldstovariables":"","duedatedefinition":"","prioritydefinition":"","categorydefinition":"","formproperties":"","tasklisteners":{"taskListeners":[]},"emailtemplate":""},"stencil":{"id":"UserTask"},"childShapes":[],"outgoing":[{"resourceId":"sid-5A2CD9C2-1657-49AF-BC93-210D7B172090"}],"bounds":{"lowerRight":{"x":1105,"y":395.0000000000001},"upperLeft":{"x":1005,"y":315}},"dockers":[]},{"resourceId":"sid-AC99F33B-C5E2-4AFE-857A-00DC1FCD8A1F","properties":{"overrideid":"sid-AC99F33B-C5E2-4AFE-857A-00DC1FCD8A1F","name":"","documentation":"","asynchronousdefinition":false,"exclusivedefinition":true,"sequencefloworder":"","executionlisteners":{"executionListeners":[]}},"stencil":{"id":"ExclusiveGateway"},"childShapes":[],"outgoing":[{"resourceId":"sid-4D32DF07-1B3B-45E8-BA13-3A151FA48A32"},{"resourceId":"sid-0CE63329-9954-439E-AED7-F9EE13387524"},{"resourceId":"sid-415B57C3-D69B-4E64-B491-A45EBD8B7796"}],"bounds":{"lowerRight":{"x":1254.7616921627703,"y":380.9026324199451},"upperLeft":{"x":1214.7616921627703,"y":340.9026324199451}},"dockers":[]},{"resourceId":"sid-A7E137D9-59A9-4AEE-AB15-5A385C836673","properties":{"overrideid":"sid-A7E137D9-59A9-4AEE-AB15-5A385C836673","name":"Treatment notes","documentation":"","asynchronousdefinition":false,"exclusivedefinition":false,"executionlisteners":{"executionListeners":[]},"multiinstance_type":"None","multiinstance_cardinality":"","multiinstance_collection":"","multiinstance_variable":"","multiinstance_condition":"","isforcompensation":false,"usertasksendemail":true,"usertaskassignment":{"assignment":{"type":"idm","idm":{"assignee":{"id":2,"email":"visitor","firstName":"visitor","lastName":"visitor"},"type":"user"},"initiatorCanCompleteTask":false}},"formkeydefinition":"","formreference":{"id":11,"name":"Emergency treatment notes","referenceId":19},"fieldstovariables":"","duedatedefinition":"","prioritydefinition":"","categorydefinition":"","formproperties":"","tasklisteners":{"taskListeners":[]},"emailtemplate":""},"stencil":{"id":"UserTask"},"childShapes":[],"outgoing":[{"resourceId":"sid-7021AB54-9AA7-4028-97C0-EE767D2BB432"}],"bounds":{"lowerRight":{"x":1645,"y":515.0000000000001},"upperLeft":{"x":1545,"y":435}},"dockers":[]},{"resourceId":"sid-E12BC140-0A54-4E77-B318-77B37EE09659","properties":{"overrideid":"sid-E12BC140-0A54-4E77-B318-77B37EE09659","name":"End visit","documentation":"","executionlisteners":{"executionListeners":[]},"asynchronousdefinition":false,"exclusivedefinition":false},"stencil":{"id":"EndNoneEvent"},"childShapes":[],"outgoing":[],"bounds":{"lowerRight":{"x":1756.1568194624344,"y":337.09448160285217},"upperLeft":{"x":1728.1568194624344,"y":309.09448160285217}},"dockers":[]},{"resourceId":"sid-5A2CD9C2-1657-49AF-BC93-210D7B172090","properties":{"overrideid":"sid-5A2CD9C2-1657-49AF-BC93-210D7B172090","name":"","documentation":"","conditionsequenceflow":"","executionlisteners":{"executionListeners":[]},"defaultflow":"false"},"stencil":{"id":"SequenceFlow"},"childShapes":[],"outgoing":[{"resourceId":"sid-AC99F33B-C5E2-4AFE-857A-00DC1FCD8A1F"}],"bounds":{"lowerRight":{"x":1215.0414806424242,"y":360.9026324199451},"upperLeft":{"x":1105.1628966006492,"y":355.00000000000006}},"dockers":[{"x":50,"y":40.00000000000006},{"x":1159.8808460813852,"y":355.00000000000006},{"x":1159.8808460813852,"y":360.9026324199451},{"x":20,"y":20}],"target":{"resourceId":"sid-AC99F33B-C5E2-4AFE-857A-00DC1FCD8A1F"}},{"resourceId":"sid-EEC08977-3695-49AE-9B3D-F413CF94DC76","properties":{"overrideid":"sid-EEC08977-3695-49AE-9B3D-F413CF94DC76","name":"","documentation":"","conditionsequenceflow":"","executionlisteners":{"executionListeners":[]},"defaultflow":"false"},"stencil":{"id":"SequenceFlow"},"childShapes":[],"outgoing":[{"resourceId":"sid-ABD132F5-357A-4E2E-A28E-FDA4573FD4D0"}],"bounds":{"lowerRight":{"x":1554.7902829274608,"y":312.7864214453378},"upperLeft":{"x":1177.5373103572429,"y":230.96908365084371}},"dockers":[{"x":71,"y":39.5},{"x":47.002651978605286,"y":37.19184918290705}],"target":{"resourceId":"sid-ABD132F5-357A-4E2E-A28E-FDA4573FD4D0"}},{"resourceId":"sid-ED7B3DF6-0DE4-4372-91AF-9A49C3AF0A34","properties":{"overrideid":"sid-ED7B3DF6-0DE4-4372-91AF-9A49C3AF0A34","name":"","documentation":"","conditionsequenceflow":"","executionlisteners":{"executionListeners":[]},"defaultflow":true},"stencil":{"id":"SequenceFlow"},"childShapes":[],"outgoing":[{"resourceId":"sid-ABD132F5-357A-4E2E-A28E-FDA4573FD4D0"}],"bounds":{"lowerRight":{"x":1555.2530383108617,"y":299.4942512290524},"upperLeft":{"x":1138.4731588138475,"y":90.51277597255104}},"dockers":[{"x":50,"y":39.99999999999997},{"x":47.002651978605286,"y":37.19184918290705}],"target":{"resourceId":"sid-ABD132F5-357A-4E2E-A28E-FDA4573FD4D0"}},{"resourceId":"sid-3D83CD1C-5C84-485F-B389-8823FC737E55","properties":{"overrideid":"sid-3D83CD1C-5C84-485F-B389-8823FC737E55","name":"Record vitals","documentation":"","asynchronousdefinition":false,"exclusivedefinition":false,"executionlisteners":{"executionListeners":[]},"multiinstance_type":"None","multiinstance_cardinality":"","multiinstance_collection":"","multiinstance_variable":"","multiinstance_condition":"","isforcompensation":false,"usertasksendemail":true,"usertaskassignment":{"assignment":{"type":"idm","idm":{"assignee":{"id":2,"email":"visitor","firstName":"visitor","lastName":"visitor"},"type":"user"},"initiatorCanCompleteTask":false}},"formkeydefinition":"","formreference":{"id":13,"name":"Record vitals","referenceId":19},"fieldstovariables":"","duedatedefinition":"","prioritydefinition":"","categorydefinition":"","formproperties":"","tasklisteners":{"taskListeners":[]},"emailtemplate":""},"stencil":{"id":"UserTask"},"childShapes":[],"outgoing":[{"resourceId":"sid-0B1868A4-E82E-4FF3-94E2-1342456D1F19"}],"bounds":{"lowerRight":{"x":535,"y":250.90263241994515},"upperLeft":{"x":435,"y":170.90263241994515}},"dockers":[]},{"resourceId":"sid-0B1868A4-E82E-4FF3-94E2-1342456D1F19","properties":{"overrideid":"sid-0B1868A4-E82E-4FF3-94E2-1342456D1F19","name":"","documentation":"","conditionsequenceflow":"","executionlisteners":{"executionListeners":[]},"defaultflow":"false"},"stencil":{"id":"SequenceFlow"},"childShapes":[],"outgoing":[{"resourceId":"sid-5000A660-A5AF-40EE-BA4D-73C5A164697E"}],"bounds":{"lowerRight":{"x":689.0037051265189,"y":214.50606535868855},"upperLeft":{"x":535.7579870362516,"y":211.79919948120175}},"dockers":[{"x":50,"y":40},{"x":50,"y":40}],"target":{"resourceId":"sid-5000A660-A5AF-40EE-BA4D-73C5A164697E"}},{"resourceId":"sid-C0EDFCFC-852A-4E07-981D-5F3475F230FA","properties":{"overrideid":"sid-C0EDFCFC-852A-4E07-981D-5F3475F230FA","name":"","documentation":"","conditionsequenceflow":"","executionlisteners":{"executionListeners":[]},"defaultflow":true},"stencil":{"id":"SequenceFlow"},"childShapes":[],"outgoing":[{"resourceId":"sid-A288F4A9-913D-400E-A0EE-4534AA38CED4"}],"bounds":{"lowerRight":{"x":840.0116921627704,"y":215.40263241994515},"upperLeft":{"x":790.4491921627704,"y":215.40263241994515}},"dockers":[{"x":50,"y":40},{"x":20,"y":20}],"target":{"resourceId":"sid-A288F4A9-913D-400E-A0EE-4534AA38CED4"}},{"resourceId":"sid-ABD132F5-357A-4E2E-A28E-FDA4573FD4D0","properties":{"overrideid":"sid-ABD132F5-357A-4E2E-A28E-FDA4573FD4D0","name":"Visit completion","documentation":"","asynchronousdefinition":false,"exclusivedefinition":false,"executionlisteners":{"executionListeners":[]},"multiinstance_type":"None","multiinstance_cardinality":"","multiinstance_collection":"","multiinstance_variable":"","multiinstance_condition":"","isforcompensation":false,"usertasksendemail":true,"usertaskassignment":{"assignment":{"type":"idm","idm":{"type":"initiator"}}},"formkeydefinition":"","formreference":{"id":14,"name":"Completed visit","referenceId":19},"fieldstovariables":"","duedatedefinition":"","prioritydefinition":"","categorydefinition":"","formproperties":"","tasklisteners":{"taskListeners":[]},"emailtemplate":""},"stencil":{"id":"UserTask"},"childShapes":[],"outgoing":[{"resourceId":"sid-4FE17370-4F0D-4A05-B7C8-5E5986C8B40D"}],"bounds":{"lowerRight":{"x":1649.3225470968532,"y":360.2863307857592},"upperLeft":{"x":1555.3172431396426,"y":285.9026324199451}},"dockers":[]},{"resourceId":"sid-4FE17370-4F0D-4A05-B7C8-5E5986C8B40D","properties":{"overrideid":"sid-4FE17370-4F0D-4A05-B7C8-5E5986C8B40D","name":"","documentation":"","conditionsequenceflow":"","executionlisteners":{"executionListeners":[]},"defaultflow":"false"},"stencil":{"id":"SequenceFlow"},"childShapes":[],"outgoing":[{"resourceId":"sid-E12BC140-0A54-4E77-B318-77B37EE09659"}],"bounds":{"lowerRight":{"x":1728.047107805167,"y":323.09448160285217},"upperLeft":{"x":1650.296361890123,"y":323.09448160285217}},"dockers":[{"x":47.002651978605286,"y":37.19184918290705},{"x":14,"y":14}],"target":{"resourceId":"sid-E12BC140-0A54-4E77-B318-77B37EE09659"}},{"resourceId":"sid-7021AB54-9AA7-4028-97C0-EE767D2BB432","properties":{"overrideid":"sid-7021AB54-9AA7-4028-97C0-EE767D2BB432","name":"","documentation":"","conditionsequenceflow":"","executionlisteners":{"executionListeners":[]},"defaultflow":"false"},"stencil":{"id":"SequenceFlow"},"childShapes":[],"outgoing":[{"resourceId":"sid-ABD132F5-357A-4E2E-A28E-FDA4573FD4D0"}],"bounds":{"lowerRight":{"x":1600.4989767100417,"y":434.83801752132155},"upperLeft":{"x":1596.9352917694289,"y":360.88294035657526}},"dockers":[{"x":50,"y":40.00000000000006},{"x":47.002651978605286,"y":37.19184918290705}],"target":{"resourceId":"sid-ABD132F5-357A-4E2E-A28E-FDA4573FD4D0"}},{"resourceId":"sid-ACED2741-5226-42C4-B62E-9964B6B06186","properties":{"overrideid":"sid-ACED2741-5226-42C4-B62E-9964B6B06186","name":"","documentation":"","conditionsequenceflow":{"expression":{"index":"0","leftFormFieldId":"planfollowupvisit","rightValue":"true","operator":"==","type":"variables"}},"executionlisteners":{"executionListeners":[]},"defaultflow":"false"},"stencil":{"id":"SequenceFlow"},"childShapes":[],"outgoing":[{"resourceId":"sid-6A756769-3B86-4E77-AE47-A3D41D83EC9F"}],"bounds":{"lowerRight":{"x":1037.9919156651931,"y":207.23689232359152},"upperLeft":{"x":872.2080945677686,"y":98.47071626629882}},"dockers":[{"x":20,"y":20},{"x":50,"y":39.99999999999997}],"target":{"resourceId":"sid-6A756769-3B86-4E77-AE47-A3D41D83EC9F"}},{"resourceId":"sid-2DAA8C62-1D49-41F7-B8AB-60E6C9794B53","properties":{"overrideid":"sid-2DAA8C62-1D49-41F7-B8AB-60E6C9794B53","name":"","documentation":"","conditionsequenceflow":{"expression":{"index":"0","leftFormFieldId":"referraltogpnurseorspecialistconsultant","rightValue":"true","operator":"==","type":"variables"}},"executionlisteners":{"executionListeners":[]},"defaultflow":"false"},"stencil":{"id":"SequenceFlow"},"childShapes":[],"outgoing":[{"resourceId":"sid-B078C373-AC87-4028-875B-4765E08106B0"}],"bounds":{"lowerRight":{"x":1034.6132546627703,"y":215.40263241994515},"upperLeft":{"x":879.9804421627703,"y":215.40263241994515}},"dockers":[{"x":20,"y":20},{"x":71,"y":39.5}],"target":{"resourceId":"sid-B078C373-AC87-4028-875B-4765E08106B0"}},{"resourceId":"sid-BFDA6400-E71F-415C-AB9C-FC217344F511","properties":{"overrideid":"sid-BFDA6400-E71F-415C-AB9C-FC217344F511","name":"","documentation":"","conditionsequenceflow":{"expression":{"index":"0","leftFormFieldId":"emergencyserviceresponserequired","rightValue":"true","operator":"==","type":"variables"}},"executionlisteners":{"executionListeners":[]},"defaultflow":"false"},"stencil":{"id":"SequenceFlow"},"childShapes":[],"outgoing":[{"resourceId":"sid-C4A7A9D9-3DA4-414F-891B-8948AE477B17"}],"bounds":{"lowerRight":{"x":1004.6143187356853,"y":318.9737275632913},"upperLeft":{"x":872.0148914276264,"y":224.1637940011744}},"dockers":[{"x":20,"y":20},{"x":50,"y":40.00000000000006}],"target":{"resourceId":"sid-C4A7A9D9-3DA4-414F-891B-8948AE477B17"}},{"resourceId":"sid-4D32DF07-1B3B-45E8-BA13-3A151FA48A32","properties":{"overrideid":"sid-4D32DF07-1B3B-45E8-BA13-3A151FA48A32","name":"","documentation":"","conditionsequenceflow":{"expression":{"index":"0","leftFormFieldId":"hospital_notes_yes","rightValue":"true","operator":"==","type":"variables"}},"executionlisteners":{"executionListeners":[]},"defaultflow":"false"},"stencil":{"id":"SequenceFlow"},"childShapes":[],"outgoing":[{"resourceId":"sid-A7E137D9-59A9-4AEE-AB15-5A385C836673"}],"bounds":{"lowerRight":{"x":1544.7953433090747,"y":459.0988061400644},"upperLeft":{"x":1251.1940074939555,"y":366.10719806925067}},"dockers":[{"x":20,"y":20},{"x":50,"y":40.00000000000006}],"target":{"resourceId":"sid-A7E137D9-59A9-4AEE-AB15-5A385C836673"}},{"resourceId":"sid-0CE63329-9954-439E-AED7-F9EE13387524","properties":{"overrideid":"sid-0CE63329-9954-439E-AED7-F9EE13387524","name":"No treatment notes","documentation":"","conditionsequenceflow":{"expression":{"index":"0","leftFormFieldId":"hospital_notes_no","rightValue":"true","operator":"==","type":"variables"}},"executionlisteners":{"executionListeners":[]},"defaultflow":"false"},"stencil":{"id":"SequenceFlow"},"childShapes":[],"outgoing":[{"resourceId":"sid-ABD132F5-357A-4E2E-A28E-FDA4573FD4D0"}],"bounds":{"lowerRight":{"x":1554.662481419493,"y":359.02805222543435},"upperLeft":{"x":1252.985734140481,"y":327.99666762451307}},"dockers":[{"x":20,"y":20},{"x":47.002651978605286,"y":37.19184918290705}],"target":{"resourceId":"sid-ABD132F5-357A-4E2E-A28E-FDA4573FD4D0"}},{"resourceId":"sid-415B57C3-D69B-4E64-B491-A45EBD8B7796","properties":{"overrideid":"sid-415B57C3-D69B-4E64-B491-A45EBD8B7796","name":"","documentation":"","conditionsequenceflow":{"expression":{"index":"0","leftFormFieldId":"hospital_no","rightValue":"true","operator":"==","type":"variables"}},"executionlisteners":{"executionListeners":[]},"defaultflow":"false"},"stencil":{"id":"SequenceFlow"},"childShapes":[],"outgoing":[{"resourceId":"sid-ABD132F5-357A-4E2E-A28E-FDA4573FD4D0"}],"bounds":{"lowerRight":{"x":1554.720709196166,"y":340.9986444457673},"upperLeft":{"x":1235.024915668073,"y":323.09448160285217}},"dockers":[{"x":20,"y":20},{"x":1235.2616921627703,"y":323.09448160285217},{"x":47.002651978605286,"y":37.19184918290705}],"target":{"resourceId":"sid-ABD132F5-357A-4E2E-A28E-FDA4573FD4D0"}},{"resourceId":"sid-F23018ED-E392-44D8-9915-EFDAF3314560","properties":{"overrideid":"sid-F23018ED-E392-44D8-9915-EFDAF3314560","name":"START","documentation":"","executionlisteners":{"executionListeners":[]},"initiator":"","formkeydefinition":"","formreference":"","fieldstovariables":"","formproperties":"","asynchronousdefinition":false,"exclusivedefinition":false},"stencil":{"id":"StartNoneEvent"},"childShapes":[],"outgoing":[{"resourceId":"sid-9467AE04-A50B-4877-9BCD-15916BE4E05F"}],"bounds":{"lowerRight":{"x":135,"y":225.90263241994515},"upperLeft":{"x":105,"y":195.90263241994515}},"dockers":[]},{"resourceId":"sid-BCBB36CA-B8A0-49F2-85A2-CC45BD6A4A34","properties":{"overrideid":"sid-BCBB36CA-B8A0-49F2-85A2-CC45BD6A4A34","name":"Create Visit","documentation":"","asynchronousdefinition":false,"exclusivedefinition":false,"executionlisteners":{"executionListeners":[]},"multiinstance_type":"None","multiinstance_cardinality":"","multiinstance_collection":"","multiinstance_variable":"","multiinstance_condition":"","isforcompensation":false,"usertasksendemail":true,"usertaskassignment":{"assignment":{"type":"idm","idm":{"type":"initiator"}}},"formkeydefinition":"","formreference":{"id":17,"name":"Create visit","referenceId":19},"fieldstovariables":"","duedatedefinition":"","prioritydefinition":"","categorydefinition":"","formproperties":"","tasklisteners":{"taskListeners":[]},"emailtemplate":""},"stencil":{"id":"UserTask"},"childShapes":[],"outgoing":[{"resourceId":"sid-2471AA15-9D56-4E9D-AA2E-6A543FA26D58"}],"bounds":{"lowerRight":{"x":295,"y":250.90263241994515},"upperLeft":{"x":195,"y":170.90263241994515}},"dockers":[]},{"resourceId":"sid-9467AE04-A50B-4877-9BCD-15916BE4E05F","properties":{"overrideid":"sid-9467AE04-A50B-4877-9BCD-15916BE4E05F","name":"","documentation":"","conditionsequenceflow":"","executionlisteners":{"executionListeners":[]},"defaultflow":"false"},"stencil":{"id":"SequenceFlow"},"childShapes":[],"outgoing":[{"resourceId":"sid-BCBB36CA-B8A0-49F2-85A2-CC45BD6A4A34"}],"bounds":{"lowerRight":{"x":194.1953125,"y":210.90263241994515},"upperLeft":{"x":135.6484375,"y":210.90263241994515}},"dockers":[{"x":15,"y":15},{"x":50,"y":40}],"target":{"resourceId":"sid-BCBB36CA-B8A0-49F2-85A2-CC45BD6A4A34"}},{"resourceId":"sid-2471AA15-9D56-4E9D-AA2E-6A543FA26D58","properties":{"overrideid":"sid-2471AA15-9D56-4E9D-AA2E-6A543FA26D58","name":"","documentation":"","conditionsequenceflow":"","executionlisteners":{"executionListeners":[]},"defaultflow":"false"},"stencil":{"id":"SequenceFlow"},"childShapes":[],"outgoing":[{"resourceId":"sid-3D83CD1C-5C84-485F-B389-8823FC737E55"}],"bounds":{"lowerRight":{"x":434.3125,"y":210.90263241994515},"upperLeft":{"x":295.6875,"y":210.90263241994515}},"dockers":[{"x":50,"y":40},{"x":50,"y":40}],"target":{"resourceId":"sid-3D83CD1C-5C84-485F-B389-8823FC737E55"}}],"bounds":{"lowerRight":{"x":1856.1568194624344,"y":1050},"upperLeft":{"x":0,"y":0}},"stencilset":{"url":"stencilsets/bpmn2.0/bpmn2.0.json","namespace":"http://b3mn.org/stencilset/bpmn2.0#"},"ssextensions":[]}